USE retail_shop;
INSERT INTO address (address_id, city, pincode, state) VALUES (1, 'El Paso', '88574', 'Texas' );
INSERT INTO address (address_id, city, pincode, state) VALUES (2, 'Memphis', '38197', 'Tennessee' );
INSERT INTO address (address_id, city, pincode, state) VALUES (3, 'Beaverton', '97075', 'Oregon' );
INSERT INTO address (address_id, city, pincode, state) VALUES (4, 'Richmond', '23272', 'Virginia' );
INSERT INTO address (address_id, city, pincode, state) VALUES (5, 'Indianapolis', '46247', 'Indiana' );
INSERT INTO address (address_id, city, pincode, state) VALUES (6, 'Battle Creek', '49018', 'Michigan' );
INSERT INTO address (address_id, city, pincode, state) VALUES (7, 'San Francisco', '94164', 'California' );
INSERT INTO address (address_id, city, pincode, state) VALUES (8, 'Dallas', '75246', 'Texas' );
INSERT INTO address (address_id, city, pincode, state) VALUES (9, 'Reno', '89505', 'Nevada' );
INSERT INTO address (address_id, city, pincode, state) VALUES (10, 'Austin', '78749', 'Texas' );
INSERT INTO address (address_id, city, pincode, state) VALUES (11, 'Atlanta', '31196', 'Georgia' );
INSERT INTO address (address_id, city, pincode, state) VALUES (12, 'San Francisco', '94164', 'California' );
INSERT INTO address (address_id, city, pincode, state) VALUES (13, 'Jacksonville', '32230', 'Florida' );
INSERT INTO address (address_id, city, pincode, state) VALUES (14, 'Roanoke', '24048', 'Virginia' );
INSERT INTO address (address_id, city, pincode, state) VALUES (15, 'Washington', '20337', 'District of Columbia' );
INSERT INTO address (address_id, city, pincode, state) VALUES (16, 'Lancaster', '17622', 'Pennsylvania' );
INSERT INTO address (address_id, city, pincode, state) VALUES (17, 'Henderson', '89012', 'Nevada' );
INSERT INTO address (address_id, city, pincode, state) VALUES (18, 'Springfield', '62764', 'Illinois' );
INSERT INTO address (address_id, city, pincode, state) VALUES (19, 'Durham', '27717', 'North Carolina' );
INSERT INTO address (address_id, city, pincode, state) VALUES (20, 'Edmond', '73034', 'Oklahoma' );
INSERT INTO address (address_id, city, pincode, state) VALUES (21, 'Bronx', '10454', 'New York' );
INSERT INTO address (address_id, city, pincode, state) VALUES (22, 'Long Beach', '90810', 'California' );
INSERT INTO address (address_id, city, pincode, state) VALUES (23, 'Winston Salem', '27157', 'North Carolina' );
INSERT INTO address (address_id, city, pincode, state) VALUES (24, 'Raleigh', '27658', 'North Carolina' );
INSERT INTO address (address_id, city, pincode, state) VALUES (25, 'Phoenix', '85030', 'Arizona' );
INSERT INTO address (address_id, city, pincode, state) VALUES (26, 'Saint Paul', '55188', 'Minnesota' );
INSERT INTO address (address_id, city, pincode, state) VALUES (27, 'Woburn', '18513', 'Massachusetts' );
INSERT INTO address (address_id, city, pincode, state) VALUES (28, 'Los Angeles', '90045', 'California' );
INSERT INTO address (address_id, city, pincode, state) VALUES (29, 'Dallas', '75241', 'Texas' );
INSERT INTO address (address_id, city, pincode, state) VALUES (30, 'Portland', '97255', 'Oregon' );


USE retail_shop;
INSERT INTO admin (admin_id, admin_pass, admin_state) VALUES (1, 'dP3>ScLH`)', 'New York' );
INSERT INTO admin (admin_id, admin_pass, admin_state) VALUES (2, 'iP2`yy#TGu,<', 'Washington' );
INSERT INTO admin (admin_id, admin_pass, admin_state) VALUES (3, 'kP9=wa$?4', 'Colorado' );
INSERT INTO admin (admin_id, admin_pass, admin_state) VALUES (4, 'xU7*<hM$n{_w', 'Oklahoma' );
INSERT INTO admin (admin_id, admin_pass, admin_state) VALUES (5, 'rW4$!q3Hto,w6*.', 'District of Columbia' );
INSERT INTO admin (admin_id, admin_pass, admin_state) VALUES (6, 'uX7|Z#W7)', 'Minnesota' );
INSERT INTO admin (admin_id, admin_pass, admin_state) VALUES (7, ')uBR\Hm}&Da', 'Oklahoma2' );
INSERT INTO admin (admin_id, admin_pass, admin_state) VALUES (8, 'vC0!I&62', 'Nebraska' );
INSERT INTO admin (admin_id, admin_pass, admin_state) VALUES (9, 'zH2l@{_f', 'New York2' );
INSERT INTO admin (admin_id, admin_pass, admin_state) VALUES (10, 'wX3%|cB$', 'Ohio' );


USE retail_shop;
INSERT INTO category (category_id, category_name) VALUES (1, 'Diary' );
INSERT INTO category (category_id, category_name) VALUES (2, 'Drinks & Juices' );
INSERT INTO category (category_id, category_name) VALUES (3, 'Vegetables' );
INSERT INTO category (category_id, category_name) VALUES (4, 'Fruits' );
INSERT INTO category (category_id, category_name) VALUES (5, 'Chocolates' );
INSERT INTO category (category_id, category_name) VALUES (6, 'Bakery & Biscuits' );
INSERT INTO category (category_id, category_name) VALUES (7, 'Ice Cream' );
INSERT INTO category (category_id, category_name) VALUES (8, 'Instant Food' );
INSERT INTO category (category_id, category_name) VALUES (9, 'Snacks' );
INSERT INTO category (category_id, category_name) VALUES (10, 'Skin & Care' );


USE retail_shop;
INSERT INTO customer (customer_id, mail_id, address_id, phone_number, customer_pass) VALUES (1, 'abc@gmail.com', '1', '4841552469', 'uL3/fJDPlN,UXmT' );
INSERT INTO customer (customer_id, mail_id, address_id, phone_number, customer_pass) VALUES (2, 'cerv@gmail.com', '2', '2392793002', 'hS5,+yzt/!y\1t' );
INSERT INTO customer (customer_id, mail_id, address_id, phone_number, customer_pass) VALUES (3, 'evvtg@gmail.com', '3', '5248334760', 'uR0$9hW?c#' );
INSERT INTO customer (customer_id, mail_id, address_id, phone_number, customer_pass) VALUES (4, 'ertvb5@gmail.com', '4', '3815687969', 'eN2&c$Vn' );
INSERT INTO customer (customer_id, mail_id, address_id, phone_number, customer_pass) VALUES (5, 'vfergb@gmail.com', '5', '5148221073', 'eB1nRPoo' );
INSERT INTO customer (customer_id, mail_id, address_id, phone_number, customer_pass) VALUES (6, 'efcvrgb@gmail.com', '6', '1614268915', 'xZ6}9K)LO' );
INSERT INTO customer (customer_id, mail_id, address_id, phone_number, customer_pass) VALUES (7, 'ffevrgb@gmail.com', '7', '3601820040', 'rE7+uFFP' );
INSERT INTO customer (customer_id, mail_id, address_id, phone_number, customer_pass) VALUES (8, 'fvergb@gmail.com', '8', '6707143079', 'rR0{pa/%');
INSERT INTO customer (customer_id, mail_id, address_id, phone_number, customer_pass) VALUES (9, 'defvgr@gmail.com', '9', '4856943240','oR4_y}&K8Eqw9' );
INSERT INTO customer (customer_id, mail_id, address_id, phone_number, customer_pass) VALUES (10, 'fevrgb@gmail.com', '10', '7834811502', 'tV1`z(yc{/S@a"a{' );
INSERT INTO customer (customer_id, mail_id, address_id, phone_number, customer_pass) VALUES (11, 'krish@gmail.com', '11', '7750070037', '7750070037Aa' );


USE retail_shop;
INSERT INTO manager (manager_id, address_id, admin_id, name, password, phone_number) VALUES (1, '11', '1', 'Charissa', 'vC5}&M5FGI\{|A', 1082438395 );
INSERT INTO manager (manager_id, address_id, admin_id, name, password, phone_number) VALUES (2, '12', '2', 'Ammamaria', 'vE5>!X1&+85anor', 5174973765 );
INSERT INTO manager (manager_id, address_id, admin_id, name, password, phone_number) VALUES (3, '13', '3', 'Abigail', 'lS7#t|jVEpA7', 2365150079 );
INSERT INTO manager (manager_id, address_id, admin_id, name, password, phone_number) VALUES (4, '14', '4', 'Andeee', 'wF4?7$5<T9', 8812601227 );
INSERT INTO manager (manager_id, address_id, admin_id, name, password, phone_number) VALUES (5, '15', '5', 'Donna', 'wD7>$Y&.I|', 7971008912 );
INSERT INTO manager (manager_id, address_id, admin_id, name, password, phone_number) VALUES (6, '16', '6', 'Christen', 'kL1=&~yA89eG2', 5618099543 );
INSERT INTO manager (manager_id, address_id, admin_id, name, password, phone_number) VALUES (7, '17', '7', 'Karilynn', 'wM1&r2VHh8D', 1522688012 );
INSERT INTO manager (manager_id, address_id, admin_id, name, password, phone_number) VALUES (8, '18', '8', 'Dian', 'oD9>6u_.\tj', 9436062319 );
INSERT INTO manager (manager_id, address_id, admin_id, name, password, phone_number) VALUES (9, '19', '9', 'Cornela', 'uF2_gPVET', 4638728394 );
INSERT INTO manager (manager_id, address_id, admin_id, name, password, phone_number) VALUES (10, '20', '10', 'Corabella', 'kW2=&u$tZqo2i', 4553289269 );


USE retail_shop;
INSERT INTO partner (partner_id, address_id, manager_id, name, phone_number, status) VALUES (1, '21', '1', 'Park', 2392794966, 1 );
INSERT INTO partner (partner_id, address_id, manager_id, name, phone_number, status) VALUES (2, '22', '2', 'Raymond', 7331712521, 1 );
INSERT INTO partner (partner_id, address_id, manager_id, name, phone_number, status) VALUES (3, '23', '3', 'Gabriello', 6166841907, 1 );
INSERT INTO partner (partner_id, address_id, manager_id, name, phone_number, status) VALUES (4, '24', '4', 'Kaine', 8844362988, 0 );
INSERT INTO partner (partner_id, address_id, manager_id, name, phone_number, status) VALUES (5, '25', '5', 'Tomaso', 6811152720, 0 );
INSERT INTO partner (partner_id, address_id, manager_id, name, phone_number, status) VALUES (6, '26', '6', 'Arne', 1274304580, 1 );
INSERT INTO partner (partner_id, address_id, manager_id, name, phone_number, status) VALUES (7, '27', '7', 'Rooney', 2755893309, 0 );
INSERT INTO partner (partner_id, address_id, manager_id, name, phone_number, status) VALUES (8, '28', '8', 'Alfonso', 3395298875, 0 );
INSERT INTO partner (partner_id, address_id, manager_id, name, phone_number, status) VALUES (9, '29', '9', 'Derrik', 5558255230, 1 );
INSERT INTO partner (partner_id, address_id, manager_id, name, phone_number, status) VALUES (10, '30', '10', 'El', 8361068203, 0 );


USE retail_shop;
INSERT INTO store (store_id, manager_id, city) VALUES (1, '1', 'Henghe' );
INSERT INTO store (store_id, manager_id, city) VALUES (2, '2', 'Yuanzhou' );
INSERT INTO store (store_id, manager_id, city) VALUES (3, '3', 'Xinzhu' );
INSERT INTO store (store_id, manager_id, city) VALUES (4, '4', 'Hengdian' );
INSERT INTO store (store_id, manager_id, city) VALUES (5, '5', 'Gaplokan' );
INSERT INTO store (store_id, manager_id, city) VALUES (6, '6', 'Bình Thủy' );
INSERT INTO store (store_id, manager_id, city) VALUES (7, '7', 'Kyrylivka' );
INSERT INTO store (store_id, manager_id, city) VALUES (8, '8', 'Suizhong' );
INSERT INTO store (store_id, manager_id, city) VALUES (9, '9', 'Mandeman Daya' );
INSERT INTO store (store_id, manager_id, city) VALUES (10, '10', 'Połomia' );


USE retail_shop;
INSERT INTO supplier (supplier_id, name, phone_number) VALUES (1, 'Brice', '8212320971' );
INSERT INTO supplier (supplier_id, name, phone_number) VALUES (2, 'Kip', '7841101532' );
INSERT INTO supplier (supplier_id, name, phone_number) VALUES (3, 'Brendan', '7731412694' );
INSERT INTO supplier (supplier_id, name, phone_number) VALUES (4, 'Tobiah', '3076347591' );
INSERT INTO supplier (supplier_id, name, phone_number) VALUES (5, 'Alexandre', '9001891737' );
INSERT INTO supplier (supplier_id, name, phone_number) VALUES (6, 'Cazzie', '7781047682' );
INSERT INTO supplier (supplier_id, name, phone_number) VALUES (7, 'Hieronymus', '9428720377' );
INSERT INTO supplier (supplier_id, name, phone_number) VALUES (8, 'Frasquito', '6739665288' );
INSERT INTO supplier (supplier_id, name, phone_number) VALUES (9, 'Valentino', '5333680262' );
INSERT INTO supplier (supplier_id, name, phone_number) VALUES (10, 'Arney', '9082954368' );


USE retail_shop;
INSERT INTO product (product_id, category_id, supplier_id, store_id, name, price, quantity) VALUES (1, '1', '1', '1', 'Amul Milk', 140, 10 );
INSERT INTO product (product_id, category_id, supplier_id, store_id, name, price, quantity) VALUES (2, '2', '2', '2', 'Thums Up', 204, 10 );
INSERT INTO product (product_id, category_id, supplier_id, store_id, name, price, quantity) VALUES (3, '3', '3', '3', 'Aloo', 62, 10 );
INSERT INTO product (product_id, category_id, supplier_id, store_id, name, price, quantity) VALUES (4, '4', '4', '4', 'Apple', 212, 10 );
INSERT INTO product (product_id, category_id, supplier_id, store_id, name, price, quantity) VALUES (5, '5', '5', '5', 'Cadbury Dairy Milk', 71, 10 );
INSERT INTO product (product_id, category_id, supplier_id, store_id, name, price, quantity) VALUES (6, '6', '6', '6', 'Parle G', 101, 10 );
INSERT INTO product (product_id, category_id, supplier_id, store_id, name, price, quantity) VALUES (7, '7', '7', '7', 'Choco Bar', 174, 10 );
INSERT INTO product (product_id, category_id, supplier_id, store_id, name, price, quantity) VALUES (8, '8', '8', '8', 'Maggi', 191, 10 );
INSERT INTO product (product_id, category_id, supplier_id, store_id, name, price, quantity) VALUES (9, '9', '9', '9', 'Chips', 62, 10 );
INSERT INTO product (product_id, category_id, supplier_id, store_id, name, price, quantity) VALUES (10, '10', '10', '10', 'Dove Shampoo', 87, 10 );







